locus0,locus1,locus2,locus3,locus4,locus5,locus6,locus7,locus8,locus9,Ans
0,1,15,11,71,52,82,2,23,262,mart_smp-
19,1,22,14,47,41,82,20,50,261,mart_smp-
42,1,20,12,73,50,72,49,75,278,mart_smp-
19,1,22,11,91,40,5,81,1,334,mart_smp-
0,0,22,11,50,96,100,27,34,261,mart_smp-
27,0,15,14,70,51,133,20,75,261,mart_smp-
34,0,15,11,48,69,133,20,75,262,mart_smp-
33,1,15,11,81,70,72,20,75,290,mart_smp-
48,0,15,11,81,42,71,20,75,315,mart_smp-
20,1,15,11,81,29,71,21,75,233,mart_smp-
42,1,15,12,82,51,82,20,75,288,mart_smp-
18,5,15,11,48,69,70,1,24,261,mart_smp-
17,1,77,41,50,52,100,156,26,260,mart_smp-
18,0,15,11,45,42,73,39,34,260,mart_smp-
34,0,22,11,48,62,71,32,2,231,mart_smp-
17,0,15,11,83,52,74,21,26,142,mart_smp-
20,0,15,11,73,44,102,1,24,288,mart_smp-
17,0,15,11,70,52,77,20,23,263,mart_smp-
18,0,15,11,60,52,82,1,50,290,mart_smp-
2,0,8,11,101,52,6,26,24,162,mart_smp-
27,0,9,11,91,52,85,25,6,296,mart_smp-
18,0,15,11,47,63,22,22,23,290,mart_smp-
17,0,15,11,72,69,21,20,15,289,mart_smp-
18,0,15,11,49,52,21,20,23,261,mart_smp-
33,0,15,11,59,50,16,39,23,315,mart_smp-
17,0,15,11,45,69,21,20,23,261,mart_smp-
17,0,1,11,48,54,22,20,24,261,mart_smp-
22,5,15,11,50,50,6,20,24,145,mart_smp-
26,0,22,12,81,50,6,60,33,334,mart_smp-
42,0,20,17,73,28,87,44,23,341,mart_smp-
68,0,18,11,83,51,92,29,23,613,mart_smp-
17,0,15,11,70,39,22,20,34,316,mart_smp-
17,0,15,11,45,61,91,21,43,289,mart_smp-
18,1,15,11,47,69,82,21,15,260,mart_smp-
20,1,15,11,81,69,16,21,23,262,mart_smp-
17,0,15,11,45,50,21,21,23,261,mart_smp-
18,0,15,11,71,69,82,1,13,260,mart_smp-
18,0,15,11,60,69,16,39,23,262,mart_smp-
18,0,15,11,72,42,7,20,12,262,mart_smp-
18,1,15,63,61,63,93,20,23,279,mart_smp-
1,1,15,11,5,69,82,1,23,232,mart_smp-
4,0,15,11,36,60,0,1,50,315,mart_smp-
20,1,1,11,33,52,73,20,24,261,mart_smp-
20,0,15,11,34,69,87,39,12,289,mart_smp-
20,0,1,11,33,102,72,20,24,261,mart_smp-
1,0,15,11,33,69,73,20,25,288,mart_smp-
26,1,24,14,34,50,75,29,25,262,mart_smp-
17,1,15,11,33,44,81,21,23,262,mart_smp-
19,0,15,11,34,61,81,20,24,262,mart_smp-
17,0,1,11,33,69,72,20,23,261,mart_smp-
48,0,15,11,61,61,70,20,23,203,mart_smp-
18,1,15,17,58,50,71,21,23,260,mart_smp-
1,1,15,11,47,52,70,20,13,288,mart_smp-
100,5,20,11,74,52,8,26,27,305,mart_smp-
118,5,23,11,91,44,72,79,25,290,mart_smp-
126,1,77,14,72,62,81,78,33,334,mart_smp-
20,1,15,11,31,52,82,21,15,289,mart_smp-
150,0,15,11,31,51,82,1,15,289,mart_smp-
17,5,21,17,70,70,71,20,27,261,mart_smp-
34,0,15,11,48,52,81,39,14,260,mart_smp-
17,1,15,11,91,39,70,20,23,260,mart_smp-
23,0,20,11,20,52,72,25,24,260,mart_smp-
33,0,15,15,33,42,71,21,23,262,mart_smp-
25,0,15,11,33,69,81,27,24,261,mart_smp-
2,0,15,11,59,41,81,21,35,288,mart_smp-
19,0,15,11,33,61,71,20,33,315,mart_smp-
18,0,15,11,70,52,81,30,13,289,mart_smp-
17,0,20,11,70,41,73,33,2,45,mart_smp-
17,0,22,11,71,62,133,29,4,143,mart_smp-
27,1,23,15,34,41,94,24,26,265,mart_smp-
42,0,15,11,33,50,72,20,23,260,mart_smp-
17,0,22,11,34,39,6,4,2,279,mart_smp-
18,0,15,11,59,44,81,21,4,290,mart_smp-
1,0,15,11,34,60,61,20,13,261,mart_smp-
63,5,93,15,81,54,12,134,1,149,mart_smp-
20,1,15,11,34,61,72,20,13,288,mart_smp-
20,0,15,11,35,51,82,39,25,261,mart_smp-
40,1,15,11,61,41,8,20,34,331,mart_smp-
17,1,15,11,31,63,91,20,24,261,mart_smp-
0,1,15,12,47,60,70,26,23,289,mart_smp-
119,5,79,63,91,70,115,74,29,269,mart_smp-
17,0,15,11,31,51,70,21,26,288,mart_smp-
17,1,20,11,31,54,72,44,27,278,mart_smp-
17,0,15,11,33,69,82,21,14,260,mart_smp-
3,0,15,11,74,29,72,21,15,261,mart_smp-
17,1,15,11,81,41,70,20,24,262,mart_smp-
49,0,15,11,47,52,72,20,24,289,mart_smp-
18,0,15,11,70,31,72,21,23,232,mart_smp-
27,0,15,11,133,51,72,21,23,289,mart_smp-
18,1,15,11,81,61,91,20,23,261,mart_smp-
27,0,22,11,71,41,0,27,2,280,mart_smp-
19,0,15,11,47,44,82,207,24,260,mart_smp-
33,0,15,11,45,60,91,20,24,263,mart_smp-
18,0,15,11,19,41,72,20,15,290,mart_smp-
27,0,22,11,81,33,81,23,25,261,mart_smp-
18,1,117,11,46,63,72,20,12,260,mart_smp-
18,0,15,11,48,61,81,21,23,315,mart_smp-
35,0,15,11,47,31,70,39,25,261,mart_smp-
18,0,1,11,47,51,87,20,23,290,mart_smp-
17,0,15,14,71,50,71,39,13,261,mart_smp-
40,5,23,14,83,40,82,23,34,307,mart_smp-
49,1,15,11,48,41,72,21,33,262,mart_smp-
18,1,15,11,71,28,71,21,25,260,mart_smp-
98,5,60,18,48,40,102,80,23,638,mart_smp-
27,1,16,11,100,42,92,23,23,142,mart_smp-
17,0,22,11,50,51,71,26,34,621,mart_smp-
20,1,15,11,46,60,81,20,34,289,mart_smp-
18,0,15,11,47,69,81,20,24,262,mart_smp-
20,1,15,17,71,77,108,23,23,315,mart_smp-
20,0,15,11,62,42,72,21,13,288,mart_smp-
19,1,1,11,45,52,73,20,24,261,mart_smp-
101,1,22,11,45,51,75,29,24,332,mart_smp-
18,0,22,11,72,33,71,41,25,290,mart_smp-
17,0,15,11,50,51,91,21,33,341,mart_smp-
1,0,15,17,59,40,91,2,13,316,mart_smp-
33,0,15,11,73,51,81,20,34,261,mart_smp-
33,0,15,11,48,61,91,21,25,262,mart_smp-
18,1,15,11,81,69,71,20,23,288,mart_smp-
18,0,15,11,71,63,72,20,24,263,mart_smp-
34,0,15,11,47,50,71,21,13,341,mart_smp-
18,1,15,11,48,51,71,20,23,262,mart_smp-
33,1,15,11,73,61,81,26,26,260,mart_smp-
17,5,22,11,71,40,81,2,24,289,mart_smp-
18,0,15,11,81,30,72,1,24,521,mart_smp-
44,0,22,11,48,51,91,45,1,265,mart_smp-
42,5,22,17,71,39,85,20,27,143,mart_smp-
19,0,15,11,81,61,81,48,13,289,mart_smp-
27,1,60,14,92,28,11,107,19,614,mart_smp-
17,0,15,11,59,51,72,21,13,290,mart_smp-
17,0,15,11,47,52,71,20,26,142,mart_smp-
2,0,15,11,45,41,6,21,12,261,mart_smp-
20,0,15,11,73,61,111,20,26,333,mart_smp-
42,0,22,12,48,41,71,8,23,260,mart_smp-
17,0,15,11,49,69,71,20,15,261,mart_smp-
17,0,21,11,70,52,71,20,43,241,mart_smp-
18,0,15,11,83,60,87,20,25,260,mart_smp-
150,1,18,12,77,50,83,27,13,143,mart_smp-
18,0,15,11,48,69,71,21,24,262,mart_smp-
19,0,15,11,46,61,91,20,50,261,mart_smp-
20,0,15,11,48,61,7,20,13,262,mart_smp-
19,1,15,11,59,40,85,1,75,288,mart_smp-
18,0,15,11,59,40,5,20,75,288,mart_smp-
17,1,22,11,46,51,74,41,75,290,mart_smp-
18,0,15,31,45,71,133,20,34,288,mart_smp-
35,5,117,11,34,51,81,40,45,315,mart_smp-
1,6,15,11,36,51,82,39,75,315,mart_smp-
1,9,20,11,31,29,133,90,75,278,mart_smp-
20,5,15,11,31,43,100,39,42,315,mart_smp-
150,12,117,11,31,61,81,39,36,142,mart_smp-
54,6,15,11,31,51,81,40,75,260,mart_smp-
35,5,16,11,133,51,81,39,75,315,mart_smp-
20,5,15,11,36,51,87,39,42,316,mart_smp-
49,5,20,11,33,51,81,39,36,663,mart_smp-
18,5,15,11,33,61,92,39,75,289,mart_smp-
2,5,15,11,59,52,71,39,75,260,mart_smp-
132,1,20,11,81,50,37,23,75,260,zibl_smp-
79,5,93,11,92,52,7,28,1,160,zibl_smp-
25,1,92,15,81,50,8,75,75,537,zibl_smp-
27,1,76,14,92,60,9,109,75,142,zibl_smp-
81,0,92,12,101,50,103,78,75,281,zibl_smp-
81,5,22,11,91,40,0,23,24,224,zibl_smp-
77,5,75,12,95,52,116,134,24,253,zibl_smp-
79,1,66,23,83,41,7,81,5,232,zibl_smp-
22,5,18,11,81,51,103,32,75,160,zibl_smp-
69,1,92,14,100,39,9,79,75,138,zibl_smp-
27,5,93,14,91,40,8,156,57,642,zibl_smp-
92,5,77,41,21,40,8,135,36,469,zibl_smp-
29,1,18,17,100,28,74,29,34,403,zibl_smp-
82,1,59,11,49,40,5,30,44,614,zibl_smp-
79,1,77,38,83,52,101,24,75,663,zibl_smp-
114,5,22,11,104,40,12,79,4,331,zibl_smp-
36,0,18,14,50,41,103,27,2,296,zibl_smp-
119,0,77,11,100,39,73,77,6,278,zibl_smp-
34,0,77,11,100,41,100,57,7,622,zibl_smp-
27,1,92,11,91,39,12,22,23,469,zibl_smp-
23,1,93,11,100,40,84,156,2,279,zibl_smp-
101,0,85,15,81,40,6,81,44,260,zibl_smp-
101,0,20,11,73,51,100,23,2,281,zibl_smp-
98,0,22,11,47,41,101,74,23,142,zibl_smp-
134,5,77,11,100,53,5,105,3,163,zibl_smp-
68,1,78,11,87,51,8,41,60,623,zibl_smp-
118,1,77,45,71,44,102,156,23,158,zibl_smp-
26,1,85,14,100,40,11,74,26,151,zibl_smp-
26,1,6,14,100,39,12,22,37,138,zibl_smp-
26,0,75,11,100,50,8,27,3,623,zibl_smp-
71,0,77,14,62,52,9,83,6,404,zibl_smp-
21,5,77,16,100,28,5,74,0,505,zibl_smp-
91,0,75,39,100,39,103,58,34,160,zibl_smp-
81,1,77,11,96,39,9,132,33,638,zibl_smp-
27,0,92,26,83,50,9,79,24,141,zibl_smp-
91,1,92,47,73,52,116,81,24,160,zibl_smp-
17,1,92,11,100,28,115,93,24,506,zibl_smp-
25,0,117,17,100,39,8,77,27,234,zibl_smp-
127,5,92,12,100,40,111,61,33,523,zibl_smp-
110,5,77,12,82,62,83,76,24,147,zibl_smp-
21,1,22,14,50,42,75,30,27,292,zibl_smp-
27,1,61,11,81,41,111,107,3,163,zibl_smp-
126,1,77,23,48,51,102,20,33,95,zibl_smp-
64,0,22,15,105,40,5,41,26,288,zibl_smp-
38,5,78,11,83,40,9,207,24,623,zibl_smp-
80,1,94,12,104,50,101,132,34,627,zibl_smp-
118,1,85,11,100,40,0,125,35,638,zibl_smp-
28,1,18,11,81,40,0,74,3,261,zibl_smp-
132,1,92,14,88,52,109,74,24,138,zibl_smp-
69,5,77,40,104,53,10,110,24,138,zibl_smp-
43,5,92,12,100,40,102,74,37,614,zibl_smp-
126,0,94,11,100,40,9,108,15,623,zibl_smp-
119,1,22,18,81,50,8,27,14,142,zibl_smp-
118,1,58,11,88,41,133,29,24,142,zibl_smp-
27,5,77,42,100,40,100,107,3,141,zibl_smp-
91,1,77,15,100,40,10,58,28,143,zibl_smp-
126,5,22,11,82,39,8,22,23,262,zibl_smp-
70,1,75,11,85,40,100,93,23,613,zibl_smp-
65,1,93,11,37,28,85,145,6,160,zibl_smp-
65,0,93,17,92,52,100,132,23,160,zibl_smp-
117,0,93,15,100,40,10,92,54,406,zibl_smp-
20,5,117,11,83,41,0,80,3,260,zibl_smp-
119,1,85,14,73,50,0,155,3,403,zibl_smp-
92,1,92,26,83,40,12,64,3,405,zibl_smp-
22,1,79,11,83,50,9,133,45,614,zibl_smp-
17,1,23,14,92,29,82,42,16,222,zibl_smp-
132,5,35,18,73,40,115,156,23,251,zibl_smp-
76,0,78,11,84,54,96,80,36,288,zibl_smp-
25,0,20,11,85,39,7,26,27,269,zibl_smp-
120,0,77,14,24,31,9,58,2,278,zibl_smp-
117,5,93,11,100,50,12,77,4,390,zibl_smp-
23,5,23,38,50,51,0,41,23,614,zibl_smp-
82,5,77,38,83,40,0,134,28,614,zibl_smp-
99,5,93,15,72,51,110,78,25,271,zibl_smp-
20,0,80,14,83,40,5,167,2,394,zibl_smp-
111,1,93,14,92,39,116,74,25,396,zibl_smp-
80,1,76,14,50,40,0,80,34,404,zibl_smp-
132,5,56,11,97,29,103,109,2,280,zibl_smp-
27,1,58,14,21,69,8,109,23,612,zibl_smp-
17,1,15,11,45,69,71,21,26,260,zibl_smp-
37,0,22,15,83,39,6,81,3,308,zibl_smp-
22,0,77,23,100,52,9,83,33,521,zibl_smp-
132,1,92,39,103,39,83,137,2,614,zibl_smp-
69,12,78,11,100,39,0,137,75,663,zibl_smp-
27,1,22,11,49,33,6,23,24,281,zibl_smp-
69,1,92,11,73,42,9,107,2,292,zibl_smp-
83,1,92,11,92,40,0,75,34,614,zibl_smp-
81,1,77,38,37,50,101,92,37,281,zibl_smp-
27,1,93,11,96,39,12,81,23,142,zibl_smp-
82,0,75,11,92,52,85,23,37,278,zibl_smp-
118,0,92,14,83,39,8,121,3,163,zibl_smp-
23,1,79,56,84,51,8,155,23,630,zibl_smp-
126,5,23,38,111,50,8,27,24,260,zibl_smp-
102,1,93,11,102,40,6,75,36,612,zibl_smp-
67,0,23,11,101,50,104,25,23,280,zibl_smp-
79,1,35,14,101,39,12,41,0,142,zibl_smp-
119,0,99,11,83,50,101,23,1,613,zibl_smp-
2,1,1,11,48,41,82,20,33,262,zibl_smp-
82,0,92,38,84,40,133,74,3,663,zibl_smp-
119,1,92,11,83,40,10,76,3,251,zibl_smp-
63,5,77,14,62,52,9,83,6,318,zibl_smp-
27,0,77,12,83,52,5,132,3,52,zibl_smp-
117,0,85,12,100,50,115,85,1,279,zibl_smp-
133,1,84,14,83,51,6,82,75,278,zibl_smp-
18,1,15,11,47,61,83,20,24,289,zibl_smp-
76,1,86,14,92,39,12,95,36,151,zibl_smp-
126,1,86,38,92,44,10,134,24,151,zibl_smp-
42,1,24,11,47,51,7,29,13,142,zibl_smp-
25,1,21,11,100,61,108,23,25,141,zibl_smp-
126,0,56,11,83,40,0,120,13,279,zibl_smp-
40,1,92,14,82,40,101,78,24,280,zibl_smp-
41,1,92,11,100,39,8,123,0,468,zibl_smp-
119,0,93,17,92,102,100,135,24,279,zibl_smp-
126,5,92,17,83,50,8,27,1,279,zibl_smp-
77,1,93,11,92,31,101,133,15,325,zibl_smp-
134,5,58,15,100,43,0,134,2,160,zibl_smp-
119,5,99,11,92,39,96,78,15,406,zibl_smp-
118,1,92,11,81,39,100,78,33,161,zibl_smp-
91,0,93,11,81,70,117,45,33,161,zibl_smp-
132,1,92,14,104,60,108,75,34,539,zibl_smp-
17,5,67,14,81,50,8,78,24,160,zibl_smp-
25,5,33,11,101,71,8,41,24,614,zibl_smp-
87,1,92,11,83,51,101,110,2,162,zibl_smp-
21,0,77,15,83,29,102,95,3,261,zibl_smp-
81,5,22,11,83,69,9,22,33,163,zibl_smp-
18,0,23,14,48,41,100,43,14,307,zibl_smp-
68,1,58,11,93,42,8,78,7,614,zibl_smp-
91,1,22,17,81,69,83,110,17,163,zibl_smp-
102,1,56,11,83,39,0,134,2,614,zibl_smp-
91,1,78,26,83,42,8,137,23,403,zibl_smp-
132,5,92,15,71,39,100,149,75,630,zibl_smp-
25,1,77,11,84,52,103,76,75,160,zibl_smp-
43,0,20,14,54,28,6,47,75,232,zibl_smp-
17,0,9,14,72,42,104,27,37,138,zibl_smp-
26,0,6,15,91,42,8,22,37,143,zibl_smp-
126,1,92,11,71,52,92,133,24,614,zibl_smp-
21,1,92,41,71,40,11,80,3,281,zibl_smp-
27,5,93,14,91,52,8,133,1,343,zibl_smp-
139,1,78,38,91,69,73,78,6,611,zibl_smp-
93,1,77,12,70,40,0,120,3,390,zibl_smp-
132,0,58,11,72,30,0,133,6,281,zibl_smp-
27,0,85,12,91,52,0,134,2,147,zibl_smp-
25,1,92,17,34,42,10,23,27,623,zibl_smp-
118,1,93,11,82,61,8,107,14,488,zibl_smp-
71,5,92,14,49,69,8,157,24,324,zibl_smp-
29,0,92,11,72,40,8,157,23,333,zibl_smp-
25,1,87,11,94,50,9,156,4,208,zibl_smp-
28,0,77,11,91,42,101,108,33,614,zibl_smp-
119,0,78,12,59,40,0,58,27,457,zibl_smp-
25,0,20,11,61,39,7,22,27,457,zibl_smp-
132,5,56,14,91,28,83,80,27,663,zibl_smp-
117,1,77,12,91,52,102,120,33,631,zibl_smp-
27,1,86,17,70,42,9,109,0,334,zibl_smp-
117,0,77,17,91,42,101,76,14,611,zibl_smp-
22,0,8,14,91,40,102,23,33,288,zibl_smp-
98,5,59,1,93,40,0,158,23,278,zibl_smp-
92,5,20,14,72,42,12,80,4,160,zibl_smp-
63,1,58,15,70,39,10,67,3,142,zibl_smp-
81,1,101,12,72,39,10,110,36,161,zibl_smp-
132,5,92,41,59,29,100,145,13,212,zibl_smp-
22,1,93,15,72,41,133,78,23,142,zibl_smp-
102,1,78,14,91,41,12,123,34,141,zibl_smp-
35,0,15,11,72,40,0,20,24,250,zibl_smp-
81,1,77,15,70,61,8,80,14,292,zibl_smp-
119,1,92,15,91,40,8,26,3,612,zibl_smp-
17,0,15,11,47,39,100,21,24,281,zibl_smp-
81,1,58,11,81,40,102,110,23,64,zibl_smp-
22,0,37,11,35,40,122,28,4,503,zibl_smp-
102,5,58,23,91,52,8,157,28,143,zibl_smp-
81,1,85,41,33,40,100,75,2,160,zibl_smp-
132,0,92,14,72,40,11,63,2,281,zibl_smp-
41,5,78,11,84,39,8,148,33,143,zibl_smp-
101,5,58,14,94,52,133,134,6,250,zibl_smp-
88,0,92,11,70,39,92,76,0,253,zibl_smp-
143,1,99,38,72,40,102,135,24,613,zibl_smp-
100,5,93,38,92,84,10,133,36,485,zibl_smp-
91,1,99,12,71,39,122,79,39,503,zibl_smp-
119,12,76,11,82,69,84,122,34,142,zibl_smp-
82,5,94,11,91,40,101,207,27,253,zibl_smp-
25,1,94,11,70,50,104,106,25,270,zibl_smp-
22,0,94,21,36,40,8,133,34,612,zibl_smp-
21,1,78,11,72,39,111,78,35,630,zibl_smp-
40,5,20,23,71,71,6,29,23,298,zibl_smp-
90,1,79,11,36,39,8,133,45,612,zibl_smp-
25,5,77,12,82,52,9,80,24,631,zibl_smp-
22,1,93,11,91,52,92,76,13,343,zibl_smp-
27,0,93,11,72,40,8,156,24,281,zibl_smp-
138,5,77,14,92,29,0,106,24,163,zibl_smp-
42,5,22,12,59,44,6,27,24,297,zibl_smp-
33,0,15,15,33,40,6,20,23,262,zibl_smp-
17,1,94,26,82,42,8,134,34,495,zibl_smp-
23,0,15,14,20,54,71,20,23,288,zibl_smp-
22,5,20,11,70,42,9,80,3,611,zibl_smp-
26,1,34,14,72,29,83,58,23,140,zibl_smp-
55,0,94,11,49,51,7,79,25,261,zibl_smp-
118,0,95,14,91,50,8,81,2,405,zibl_smp-
42,0,92,23,91,40,117,76,2,405,zibl_smp-
90,0,78,14,91,54,9,85,37,631,zibl_smp-
119,1,20,12,72,42,100,78,25,142,zibl_smp-
77,0,92,11,34,40,9,75,13,147,zibl_smp-
92,0,77,21,72,50,0,133,6,503,zibl_smp-
27,5,23,24,91,54,5,23,24,162,zibl_smp-
64,5,77,15,72,29,0,77,6,138,zibl_smp-
63,1,92,11,93,40,92,80,2,613,zibl_smp-
79,5,77,11,82,40,95,149,75,241,zibl_smp-
27,5,81,11,72,29,110,166,75,255,zibl_smp-
133,9,77,12,72,50,108,156,75,231,zibl_smp-
126,5,75,11,81,29,93,146,75,202,zibl_smp-
25,5,22,16,91,40,100,46,75,632,zibl_smp-
126,6,58,11,82,52,108,85,75,447,zibl_smp-
64,6,75,14,22,39,9,120,75,164,zibl_smp-
126,6,92,11,71,40,102,126,75,159,zibl_smp-
133,6,92,51,82,40,91,91,75,162,zibl_smp-
27,6,22,15,36,3,5,54,75,602,zibl_smp-
26,5,87,11,82,50,108,159,75,602,zibl_smp-
17,5,84,11,7,50,72,127,75,450,zibl_smp-
102,6,77,12,60,50,8,138,75,252,zibl_smp-
132,5,35,12,60,29,85,90,75,447,zibl_smp-
21,6,77,12,59,40,102,155,75,161,zibl_smp-
132,9,94,16,73,29,109,109,75,27,zibl_smp-
17,5,75,30,91,50,10,145,75,251,zibl_smp-
27,6,79,11,82,40,100,107,75,622,zibl_smp-
69,5,56,11,60,51,109,139,75,621,zibl_smp-
119,5,92,14,61,50,8,150,75,436,zibl_smp-
102,6,78,11,81,51,7,152,75,231,zibl_smp-
9,9,29,12,32,41,91,44,75,663,zibl_smp-
126,5,77,11,73,50,9,47,75,663,zibl_smp-
132,9,77,11,82,29,84,95,75,663,zibl_smp-
25,5,75,14,91,29,0,84,75,138,zibl_smp-
91,6,77,11,20,50,110,146,75,448,zibl_smp-
132,6,58,12,22,40,0,81,75,243,zibl_smp-
56,6,87,11,91,27,10,90,75,239,zibl_smp-
23,5,85,15,81,70,94,85,75,663,zibl_smp-
100,5,22,11,33,40,91,150,75,663,zibl_smp-
55,6,79,25,81,27,9,207,75,161,zibl_smp-
132,6,31,11,58,28,102,94,75,612,zibl_smp-
